case_name,solve_time,Optimal,primal_feasibility,dual_feasibility,obj_val,time_limit,va_3,vm_3,va_4,vm_4,va_1,vm_1,va_5,vm_5,va_2,vm_2,va_6,vm_6,va_7,vm_7,va_9,vm_9,va_8,vm_8,qg_1,pg_1,qg_2,pg_2,qg_3,pg_3,qf_3,qt_3,pf_3,pt_3,qf_4,qt_4,pf_4,pt_4,qf_1,qt_1,pf_1,pt_1,qf_5,qt_5,pf_5,pt_5,qf_2,qt_2,pf_2,pt_2,qf_6,qt_6,pf_6,pt_6,qf_7,qt_7,pf_7,pt_7,qf_9,qt_9,pf_9,pt_9,qf_8,qt_8,pf_8,pt_8
case9Q,0.01672196388244629,LOCALLY_SOLVED,FEASIBLE_POINT,FEASIBLE_POINT,5296.6862022315545,3000.0,0.05671520024211769,1.0866203134950396,-0.04298613355236403,1.0942215265643591,4.0977924596358345e-38,1.1000000104467251,-0.0694987016912755,1.0844485060682159,0.08541019769817575,1.0973546346283134,0.010522400685549134,1.10000001093974,-0.02087888622797755,1.0894894953060845,-0.08055110824908264,1.071755459031932,0.015806280907852237,1.1000000109414008,0.12965646058906247,0.8979870772560278,0.000318426033197228,1.3432060071139875,-0.22634208406023756,0.9418738038603862,-0.16117640913295808,-0.22190790291202311,-0.5495930905950592,0.5596906046643039,-0.22634208406023756,0.27291249558772235,0.9418738038603862,-0.9418738038603862,0.12965646058906247,-0.09046982041716674,0.8979870772560278,-0.8979870772560278,-0.05100459267569924,-0.18683849873753391,0.3821831991960824,-0.3806907302068459,-0.03890066963798563,-0.1388235908670419,0.3522122974133432,-0.35040690940494074,-0.16316150126246606,0.00818961735997933,-0.619309269793154,0.6220958149047371,0.09332370492667938,0.000318426033197228,-1.3432060071139875,1.3432060071139875,-0.3107587510521898,0.1293704900551524,-0.5428267770001931,0.5457747798426846,-0.10151332228665871,-0.1892412489478102,0.7211101922092504,-0.707173222999807
