case_name,solve_time,Optimal,primal_feasibility,dual_feasibility,obj_val,time_limit,va_4,vm_4,va_1,vm_1,va_5,vm_5,va_2,vm_2,va_3,vm_3,qg_4,pg_4,qg_1,pg_1,qg_5,pg_5,qg_2,pg_2,qg_3,pg_3,qf_4,qt_4,pf_4,pt_4,qf_1,qt_1,pf_1,pt_1,qf_5,qt_5,pf_5,pt_5,qf_2,qt_2,pf_2,pt_2,qf_6,qt_6,pf_6,pt_6,qf_3,qt_3,pf_3,pt_3
case5,3.059951066970825,LOCALLY_SOLVED,FEASIBLE_POINT,FEASIBLE_POINT,17551.89083859478,3000.0,-1.4277811125611097e-35,1.0641372650402685,0.0489352315409065,1.0776176598933842,0.06266338865146906,1.0690706715640161,-0.012821961258573924,1.0840647498946585,-0.009769052952938867,1.1000000103611551,-0.10802299980914272,-6.518512071966305e-9,0.3000000071925904,0.4000000096584895,-1.650394070611443,4.706935996995735,1.2750000099425902,1.7000000164820057,3.900000029463905,3.2449849431427324,-1.5606849517339223,1.5628964054584997,-0.4920635675740182,0.49449340481728216,-0.4244997768763981,0.5745849517339223,2.523776728319959,-2.5079364324259816,1.3510036240054053,-1.3122979307226585,-0.24950846167454968,0.2541684158065573,0.3313191142836499,-0.24352892620446118,1.8786868808910893,-1.869153251910989,0.13310385711797712,0.008911354117678027,-2.3850151704140807,2.3999834677116665,1.6681806797279288,-1.6593054247291212,-2.302463583070553,2.306952529284069
