case_name,solve_time,Optimal,primal_feasibility,dual_feasibility,obj_val,time_limit,va_4,vm_4,va_1,vm_1,va_5,vm_5,va_2,vm_2,va_6,vm_6,va_3,vm_3,qg_1,pg_1,qg_2,pg_2,qg_3,pg_3,qf_4,qt_4,pf_4,pt_4,qf_1,qt_1,pf_1,pt_1,qf_2,qt_2,pf_2,pt_2,qf_6,qt_6,pf_6,pt_6,qf_11,qt_11,pf_11,pt_11,qf_5,qt_5,pf_5,pt_5,qf_7,qt_7,pf_7,pt_7,qf_8,qt_8,pf_8,pt_8,qf_10,qt_10,pf_10,pt_10,qf_9,qt_9,pf_9,pt_9,qf_3,qt_3,pf_3,pt_3
case6ww,0.013673067092895508,LOCALLY_SOLVED,FEASIBLE_POINT,FEASIBLE_POINT,3143.9745228938873,3000.0,-0.053563389155551644,0.9881993447705725,6.242904753590423e-33,1.05,-0.06841107883123802,0.9850659570374297,-0.034642448738391576,1.05,-0.07187658173588993,1.004616608771607,-0.03904310700406292,1.07,0.2571507137731729,0.7721978537156947,0.646499488185914,0.6926814542771693,0.8664412895131244,0.7042051348620159,-0.11760556155372713,0.051805705528784905,0.0028703821037872413,-0.002545953308775733,-0.09577536757821599,0.05696727602459264,0.15406562071440286,-0.15141966649121438,0.22496636183079846,-0.23456806914558073,0.33951058724571787,-0.3315158243493888,0.14934034360866133,-0.17461012285080174,0.1735331365239143,-0.16813736333986726,-0.09029836714759364,0.03209242187053024,-0.008964232938383375,0.009358345882700445,0.4310608340785526,-0.41832500473297135,0.417356642787545,-0.4005935383897295,0.12673659602783452,-0.16384269385752856,0.25034095935313716,-0.24485024145060674,0.21568020260838794,-0.2428063704400767,0.23179354400486873,-0.21990652600740945,-0.047106926121447804,-0.030319962971860168,0.03210936273911826,-0.031884949591390994,0.5989553813759515,-0.5682497280130017,0.47495754416592284,-0.4645081044320937,0.1279597195205904,-0.16196517658966775,0.27862164575557397,-0.2711069281229489
