case_name,solve_time,Optimal,primal_feasibility,dual_feasibility,obj_val,time_limit,va_1,vm_1,va_2,vm_2,va_3,vm_3,qg_1,pg_1,qg_2,pg_2,qg_3,pg_3,qf_1,qt_1,pf_1,pt_1,qf_2,qt_2,pf_2,pt_2,qf_3,qt_3,pf_3,pt_3
pglib_opf_case3_lmbd,0.0107879638671875,LOCALLY_SOLVED,FEASIBLE_POINT,FEASIBLE_POINT,5812.64293503618,3000.0,9.567359659983831e-38,1.100000010911842,0.1266904975605386,0.9261705373326153,-0.3013676904083859,0.8999999900136352,0.5469727038338018,1.4806690592962686,-0.08791135590349405,1.7000629410457408,-0.04842638366487772,0.0,0.10076337567444806,-0.3490846717336266,0.5130711911137897,-0.4914556816874174,-0.19934171193125116,-0.18313958881855188,-0.4585443183125826,0.46525251316047694,0.046209328159353684,-0.3047717670849422,-0.13240213181752133,0.13481042788526376
