case_name,solve_time,Optimal,primal_feasibility,dual_feasibility,obj_val,time_limit,va_1,vm_1,va_2,vm_2,va_3,vm_3,qg_1,pg_1,qg_2,pg_2,qg_3,pg_3,qf_1,qt_1,pf_1,pt_1,qf_2,qt_2,pf_2,pt_2,qf_3,qt_3,pf_3,pt_3
pglib_opf_case3_lmbd__api,0.015471935272216797,LOCALLY_SOLVED,FEASIBLE_POINT,FEASIBLE_POINT,11235.680599081346,3000.0,-8.742739234240763e-38,1.1000000109997523,-0.17394208444583065,0.9806038677128407,-0.523598785598129,0.9610424142974457,0.48165234206464974,2.5779327924785056,-0.09573063565727044,1.6919761619174505,0.1354797789613848,0.0,0.10915343626860305,-0.10650211916777512,0.8925234935735303,-0.8419166018785765,-0.2580181018708401,-0.24939126872025807,-0.42828339812142335,0.4333635945553273,-0.027501094203953313,-0.2463393669370124,0.21460929890497502,-0.2121874326378769
