case_name,solve_time,Optimal,primal_feasibility,dual_feasibility,obj_val,time_limit,va_1,vm_1,va_2,vm_2,va_3,vm_3,qg_1,pg_1,qg_2,pg_2,qg_3,pg_3,qf_1,qt_1,pf_1,pt_1,qf_2,qt_2,pf_2,pt_2,qf_3,qt_3,pf_3,pt_3
pglib_opf_case3_lmbd__sad,0.00864100456237793,LOCALLY_SOLVED,FEASIBLE_POINT,FEASIBLE_POINT,5959.312896011382,3000.0,-3.203332416205845e-38,1.100000010976013,0.018462712440007842,0.9976129272491316,-0.3086069373374011,0.9796040701495115,0.3101303954536974,1.6361893627789406,-0.132713210206521,1.5384400848535016,-0.04454393391396591,0.0,-0.03449299482304743,-0.26811735242568613,0.5528139975584163,-0.5333606415173795,-0.2764265814882798,-0.26934238902081903,-0.41663935848262046,0.421253709145778,-0.055376609723255185,-0.263370821185702,-0.016624634779475643,0.01718637570772366
